name|phone|account|products|servicelevel|city|street|state
Harrison Jackson|7972645906|1|7, 6|2|Fort Lauderdale|Ap #130-1635 Ante Ave|AL
Kenyon Johnson|7519264171|2|5, 10, 1|1|Mesa|330-9264 Fermentum Ave|IL
Jarrod Ramsey|9098262333|3|8, 5, 1, 4, 10, 9|3|Rancho Santa Margarita|6864 Quis Ave|NY
Susan Bruce|1719535868|4|3, 6|1|Cary|6744 Lectus. Rd.|FL
Victoria Benjamin|6987840437|5|10, 9|1|Hidden Hills|9721 Vulputate Av.|MN
Jeanette Harrington|2039824867|6|7, 8, 9, 2|1|Yigo|7699 Lorem, Road|KY
Sandra Sanchez|6989962358|7||2|West Jordan|762-1698 Ut, Road|NC
Zenia Johns|6935807256|8|8, 2|1|Oneida|3983 Bibendum Road|NH
Glenna Mccall|2955445261|9|7, 1, 5, 2, 6, 3, 10|3|Tucson|848-9971 Tristique Rd.|VA
Gillian Kerr|6201746008|10|2, 1, 7, 3, 5, 9, 8|2|Roswell|P.O. Box 808, 2624 Eu, Street|AL
Lucius Knowles|8959796794|11|8, 4, 7, 5, 6|3|Pulaski|9049 Eu Avenue|HI
Catherine Sherman|4078048618|12|5|1|Tempe|8531 Dolor. Road|IL
Naomi Hopper|9047951723|13|1, 7, 6, 10|1|Moultrie|3338 Sed Street|CT
Idola Santiago|7382076159|14|10, 1, 7|2|Binghamton|880-2288 Vestibulum Avenue|MS
Mari Franco|7919096145|15|1, 3, 10, 9, 2|1|Oil City|P.O. Box 536, 3850 Aliquet, St.|MO
Ainsley Santana|4093098234|16|8, 1, 2, 5, 4, 6, 7|1|Covina|P.O. Box 563, 5695 Urna. St.|OR
Lee Lucas|4557645870|17|7, 10, 9, 6, 4, 2|2|Altoona|P.O. Box 770, 2155 Et Rd.|WI
Reece Lara|3309045825|18|4, 2, 7, 9, 3|2|Vincennes|P.O. Box 704, 4093 Mi, St.|DE
Chiquita Newman|7577512448|19||3|New London|5920 At Avenue|ME
Belle Mayo|6813674829|20|5, 6, 10, 2, 7|2|Melrose|Ap #363-8606 Lorem, Street|VA
William Joyner|8862436355|21||3|Sandpoint|423-8074 Malesuada Avenue|HI
Price Pena|4535071336|22|10, 9, 5|1|Columbia|Ap #634-9046 Duis St.|OR
Melvin Hunter|6282252689|23||3|Fulton|6239 Convallis Avenue|VT
Rhea Lyons|1388404773|24|8, 5, 6, 2, 1|1|Elsmere|400-9196 Et, Street|DE
Norman Ortega|9148652335|25||3|Darlington|529-277 Cursus St.|NM
Orson Ford|3872433778|26|5, 8, 1, 6, 4, 2|1|Lakeland|9748 Felis Road|MA
Grady Carr|8696840127|27|2, 9, 4, 8, 10, 5, 3|2|La Crosse|7293 Eget, Avenue|VT
Eden Dunlap|4194878890|28|4, 7, 9, 6, 1|3|Whittier|4926 Cras Ave|MS
Philip Rivers|1199577356|29|8, 9, 7|3|Tempe|Ap #471-8564 Dis Road|CT
Lucas Underwood|3783350716|30||1|El Cerrito|1382 Nam Rd.|MD
Fritz Albert|9578813884|31|3, 6, 4, 1|2|Gadsden|8248 Et St.|IL
Steel Mcleod|3811601989|32|6, 1, 8|1|Chicago Heights|345-8352 Eget St.|NH
Nichole Cole|8538130120|33|8, 5, 1, 2|2|Galveston|Ap #586-2202 Hymenaeos. Road|GA
Tyler Hartman|8477617747|34|3, 2|2|Murray|P.O. Box 586, 1313 Sit Avenue|MI
Alvin Sellers|5463079817|35||3|Huntsville|Ap #437-8829 Lorem. Ave|AK
Unity Taylor|5447527344|36|10, 2, 5|1|Oakland|828-6823 In Av.|KY
Lillian Dillard|3071597841|37|10, 5|1|Inglewood|Ap #606-7506 Erat St.|AZ
Geoffrey Faulkner|6307804745|38||1|Henderson|P.O. Box 378, 170 Sed Street|CO
Ginger Harvey|3741544389|39|4, 9|1|Douglas|975-6020 Lorem Rd.|MA
Whitney Schroeder|9629263553|40|5, 4, 7, 2, 8, 6|3|Athens|629-9844 Cursus, Road|RI
Victoria Mclaughlin|2682855409|41|10, 9|3|San Dimas|P.O. Box 599, 1243 Libero. St.|VA
Angela Le|1632587996|42|6|1|Clemson|839-5330 Hymenaeos. Road|ID
Leah Rich|6218705692|43|6, 7, 3, 10, 2, 8|2|Catskill|764-3941 Risus. Av.|OH
Xaviera Ingram|9257953655|44|3, 4, 10|3|Chicago Heights|Ap #578-769 Sodales Ave|KS
Alma Roman|8236299854|45|8, 4|2|City of Industry|6213 Non St.|ID
Joy Fitzgerald|9353972858|46|4, 7|3|Ithaca|Ap #284-4780 Sem Av.|TX
Xenos Carroll|3365248096|47|4, 1, 3|1|Bowling Green|Ap #737-5051 Vehicula St.|NV
Jelani Perez|3748086182|48|9, 3, 6, 10|1|Glendale|P.O. Box 391, 7033 Cursus, St.|NM
Castor Garrett|6974950132|49|9, 2, 6, 3, 8|3|Corinth|P.O. Box 886, 7117 Turpis St.|TX
Sybill Cline|8893843986|50|5, 3, 10, 1|3|Harrisburg|Ap #625-6642 Pretium Avenue|MN
Kermit Morrison|7359202188|51|3, 4, 1, 5, 7|1|Jamestown|P.O. Box 829, 9106 Primis Street|MO
Jack Carey|3873075154|52|8, 2, 5, 7, 10, 6, 4|1|Glendale|971-3281 Purus Road|UT
Quyn Alston|8672646800|53|2, 5, 10, 3, 9|3|Carolina|Ap #324-5906 Morbi Street|ME
Grace Harper|7918555455|54|4|1|Huntington|7600 Risus. Rd.|CA
Lilah Hubbard|7348103648|55|1|3|Bend|Ap #878-493 Nunc, Street|ND
Margaret Bush|8956159898|56||1|Wahoo|Ap #584-5809 Vel Rd.|FL
Colleen Frye|5182330138|57|7|2|Elko|2301 Dignissim St.|NM
Trevor Sexton|3402535658|58|4, 2, 5, 1|1|Duarte|854-640 Libero Av.|VT
Xanthus Pickett|1473908656|59||2|Terre Haute|P.O. Box 298, 3477 Nullam Street|AK
Eve Rogers|2754661218|60|10, 7, 9|2|Reno|9823 Semper Ave|AK
Aimee Guthrie|7103578700|61|9, 3, 4, 10, 1|2|Parker|716-1480 Etiam St.|MN
Candace Sexton|4397865676|62|7, 6|2|La Palma|9141 Faucibus Ave|UT
Lamar Bailey|2931627284|63|9, 8, 1, 5, 4, 6, 3|1|Murray|903-4363 Pede Rd.|GA
Aaron Davidson|4955671966|64|3, 6, 10, 1, 5, 7, 8|2|Seattle|P.O. Box 483, 3233 Sagittis Av.|KY
Felicia Maxwell|1315996963|65|2, 3, 8, 4, 9, 6|1|West Sacramento|P.O. Box 484, 3428 Amet, St.|MN
Matthew Baird|1915912875|66|6, 5, 1, 9, 4|3|Elizabeth City|649-1272 Eleifend Av.|TN
Quon Soto|7703615580|67|8, 2|1|Beverly|731-2328 Donec St.|IN
Zia Casey|2715330920|68|1|1|Spokane Valley|666-4669 Mi, Street|NJ
Jamal Reynolds|2196536457|69|6, 10, 3, 4, 5|1|Riverside|P.O. Box 281, 7361 Porttitor Street|ND
Cherokee Holder|4331966424|70|3|1|Hawthorne|310-1451 Risus. Road|CO
Frances Lowery|8798665089|71|4|2|Durant|Ap #795-9023 Nulla Ave|SD
Dahlia Gonzalez|1929594673|72|4, 9, 3, 5, 7, 1, 6|2|Davis|144 Cubilia St.|CA
Cruz Garner|1224182550|73|1, 3, 2, 6, 8, 4, 10|2|Baltimore|P.O. Box 964, 6969 Augue Ave|KY
Ulric Norman|7191373933|74|2, 10, 6, 9, 7, 4|2|Fargo|Ap #343-9484 Auctor Street|VT
Sonya Mann|7047421354|75|3|2|Overland Park|P.O. Box 986, 5758 Quam Rd.|CA
Ira Mueller|6414845209|76|3, 9|1|Plantation|3408 Dignissim Av.|MI
Diana Swanson|6838222752|77|4, 8, 2, 1, 10, 5|3|Stafford|Ap #644-4981 Nulla St.|FL
Portia Blackwell|3641973725|78|5, 3, 9, 8|1|Hollister|P.O. Box 115, 6933 Sed St.|KS
Ivory Harmon|9089052788|79|3|1|Tyler|P.O. Box 936, 1319 Et Road|KY
Lane Price|5654617495|80|5, 2, 8, 1, 3|1|Bandon|P.O. Box 851, 8546 In Ave|MI
Illana Cole|8073790295|81|10, 7, 4, 3, 1, 6, 8|1|Atlanta|P.O. Box 846, 6097 Enim Ave|NH
Alice Rich|1154943139|82|7, 9, 8, 3, 4, 1, 6|2|Areceibo|P.O. Box 645, 9474 Tortor, Road|OR
Yetta Kline|9103056185|83||1|Saint Joseph|5689 Integer Road|KY
Hedda Fuentes|2243547156|84|8, 9, 1, 6, 2, 4|3|Bethlehem|765-4616 Mattis. Avenue|SD
Shay Calderon|6158795951|85|7, 5, 9, 1, 6|1|Mesa|P.O. Box 164, 5315 Mus. St.|TX
Hamilton Williamson|1559245107|86|7, 9, 10, 4, 3, 8|1|Augusta|P.O. Box 563, 6676 Donec St.|WA
Amanda Thompson|1541895992|87|10, 4, 2, 7, 3, 6|2|Idaho Falls|584-4718 Magna. Av.|MD
Kai Franco|6077862855|88|8, 10, 6, 9, 1|2|Austin|Ap #247-8847 Elit Road|WA
Hayley Donovan|4491363128|89|7, 5, 6, 1, 10, 8|3|East St. Louis|8263 Ante St.|AK
Kelly Huffman|9899925347|90|2|1|Reedsport|3015 Risus. Av.|OH
Alan Delgado|4914916541|91|9, 3|2|Mount Vernon|475-2002 Lectus Avenue|DC
Cole Hebert|8252168609|92|2, 1, 3, 5, 10, 9, 6|1|Monterey Park|P.O. Box 425, 3555 Leo. St.|HI
Kylee Middleton|6718986586|93|4, 10, 3, 9|2|Easton|967-8781 Leo, Rd.|MT
Irene Carrillo|4232118795|94|10, 8|1|Daly City|Ap #329-6155 At Ave|AZ
Amy Compton|3255363169|95|10, 7, 4|3|Westfield|555-2040 Dictum Rd.|MT
David Perkins|8524887046|96|1, 7, 9|3|New Kensington|P.O. Box 703, 6171 Molestie Road|NM
Silas Glover|9353240286|97|9, 8, 1, 3, 2|2|West Allis|P.O. Box 173, 5954 Suspendisse Avenue|ND
Jackson Avery|3855005382|98||1|Williston|P.O. Box 556, 8918 Lectus Street|OK
Garth Pollard|9135231523|99|3, 7, 10, 2, 5|2|Beloit|P.O. Box 813, 8191 Tincidunt Avenue|SD
Cara Livingston|5381521145|100|3, 2, 6, 5, 8, 1|2|Coatesville|671-1692 Tempor Road|CA
Finn Miranda|7647169315|101||3|Rancho Cordova|P.O. Box 738, 2653 Nisi St.|CO
Laura Powers|6224493708|102|6, 10, 1, 4, 9, 8|3|Worcester|P.O. Box 587, 1149 Metus. Av.|CO
Mufutau Singleton|1904306005|103|5, 1, 8, 4, 10, 3, 6|2|Pittsfield|Ap #508-5419 Neque Road|SD
Cooper Nicholson|9173479584|104|1, 4, 8|1|Burlingame|241 Et Ave|GA
Tashya Holden|3851098056|105|5, 8, 1, 4|2|Greenfield|P.O. Box 868, 112 Convallis Avenue|ID
Tatiana Nichols|8628726873|106|1, 5, 8|1|Syracuse|4424 Mauris St.|CA
Victoria Wise|8761642339|107|9, 2, 8, 3, 1|1|Forrest City|394-994 Nunc Rd.|MN
Alexis Horton|3713455795|108|6, 9, 3|1|Corry|Ap #393-7951 Dui Ave|AZ
Ruth Kemp|1664028713|109||1|Gettysburg|573 Condimentum. Avenue|OH
Scott Lawrence|5811212184|110|3, 7, 4, 5|3|Orlando|Ap #712-7612 Interdum Ave|IN
Lewis Ruiz|1492704898|111|5, 7, 3|1|Jackson|6262 Suspendisse St.|PA
Diana Graves|1381550049|112|3, 7, 4, 5, 1, 6, 2|1|Martinsburg|Ap #414-7761 Ac St.|IA
Alyssa Newman|7457907957|113|1, 2, 8, 3, 7, 10|3|Hartland|5322 Dictum St.|TN
Camden Stanton|8824524310|114||2|Oxnard|Ap #477-1913 Eu, Rd.|NV
Gage Hines|5169794014|115|10|1|Hartford|P.O. Box 277, 8679 Placerat Ave|NC
Claire Blair|4373166281|116|1, 3|2|West Bend|P.O. Box 599, 9824 Lobortis St.|OH
Charissa Roach|7551726907|117|5|3|Charlotte|P.O. Box 295, 8045 Tempus, Av.|VA
Zachery Oconnor|4524240158|118|10, 4, 2|2|Macomb|Ap #797-323 Augue St.|NM
Adele Francis|7551801059|119|6, 10, 8|2|Lynwood|P.O. Box 250, 8735 Est. Av.|UT
Sydnee Church|3474374323|120|10, 6, 9, 5, 1, 3|3|Alexandria|576-5203 Diam. Rd.|CT
Heidi Flowers|4807171505|121|1, 8|1|Kankakee|Ap #587-4754 Imperdiet Avenue|SD
Sophia Buck|9717888384|122|8, 2, 4, 1, 7|2|Port Arthur|239-9048 Ullamcorper. Road|HI
Quon Giles|7444333717|123|10, 8, 3|3|Lubbock|919 Mi, St.|CO
Signe Swanson|5639072344|124|3|3|Cape May|648-7745 Nunc Ave|MN
Maisie Gonzalez|3272244698|125|2, 3, 4, 7, 1, 9|3|Guthrie|Ap #530-3670 Volutpat Rd.|DC
Zena Larsen|5227571160|126|1, 6, 10, 2, 4, 9, 3|2|Eureka|1690 Ridiculus Avenue|KS
Henry Frederick|7859506623|127|4, 1, 10, 8, 7|1|Claremore|P.O. Box 448, 1171 Neque Avenue|MN
Kadeem Richards|2332937651|128|9, 6|1|Knoxville|Ap #949-3946 Augue Street|AZ
Tarik Sanchez|7218246807|129|2|3|Chattanooga|Ap #720-5513 Sed St.|SC
Isabella Mclaughlin|8777923821|130|9, 3, 6, 7, 1, 4, 5|1|Hope|P.O. Box 683, 7455 Sem St.|WA
Charissa Logan|7924848679|131|1, 10, 5, 3, 8|3|Fitchburg|563-6359 Eros. Avenue|ME
Rowan Valentine|1715662232|132|9, 7, 10, 5, 2, 1, 8|1|El Paso|Ap #659-6365 Cursus St.|AK
Ivy Wyatt|1115787020|133||3|San Juan|977-4062 Risus. Ave|NH
Shay Martinez|9074852872|134|9, 6, 8, 1, 10, 2, 4|3|Ogdensburg|P.O. Box 253, 745 Sit Rd.|OK
Tyler Fitzpatrick|1905756639|135|5, 8, 3, 10|1|Monterey|Ap #952-8225 Dictum Ave|MN
Otto Ramirez|1676432072|136|2, 6, 10, 5, 8|2|Lodi|P.O. Box 830, 2305 In, Road|OH
Winifred Holman|9625057129|137|2, 8, 4, 3, 1, 10|1|Green Bay|Ap #838-7813 Nec Rd.|IN
Paki Paul|6392459679|138|7, 6, 2|3|Winston-Salem|Ap #982-3347 Duis Rd.|TN
Armand Macias|3445994574|139|8, 6, 9, 10, 5, 1, 4|1|Olympia|P.O. Box 249, 1920 Nulla Av.|AK
Dean Merrill|2606601185|140||1|Chesapeake|256-1342 Lacus. Avenue|MI
Halla Berry|2018629804|141|5, 6, 8, 9, 3, 10|2|Pascagoula|P.O. Box 618, 4761 Neque Road|MT
Shaine Mccarty|7975594408|142|7, 3|2|Fresno|979-2353 Tincidunt, Ave|VT
Aubrey Jensen|3928523921|143|6, 2|2|Gallup|Ap #342-5401 Ullamcorper, Street|NJ
Lucius Black|2629152184|144|5, 2, 8|1|Jeffersontown|P.O. Box 162, 9110 Lacinia Road|OR
Kasper Rowland|1109362547|145|10, 8, 5, 3, 2, 9, 1|2|Bell Gardens|P.O. Box 700, 8957 Suscipit, Avenue|WA
Hu Pollard|6586848385|146|10, 3|3|Elizabeth City|402-5556 Sit Rd.|MD
Xander Cabrera|5591339724|147||3|Lubbock|3748 Risus. Rd.|FL
Dominic Carney|5765808770|148|3|2|Frisco|5515 Cursus Rd.|TX
Velma Bullock|3489979746|149|10, 3, 5, 1, 7, 2|1|Rock Springs|P.O. Box 382, 4066 Eleifend Av.|CA
Fritz Contreras|7706675422|150|5, 2|3|Wichita|P.O. Box 495, 1765 Amet Ave|IN
Judith Joyce|6252937450|151|6, 1, 10, 2, 3, 4|2|Salem|8052 Sed St.|KY
Montana Shields|7213406251|152|2, 6|3|Knoxville|Ap #245-9839 Augue St.|WI
Melyssa Sandoval|2995401753|153||2|Biddeford|Ap #386-5644 Vitae Rd.|OH
Cullen Kinney|9144545209|154|6, 2|3|Denver|3480 Massa Rd.|AK
Beau Fisher|2046400030|155|9, 5, 2, 4, 3, 6, 10|3|La Cañada Flintridge|7291 Lorem Ave|AK
Gloria Castillo|3417068171|156|4|2|Eufaula|2104 Egestas Road|AK
Dacey Hicks|2594390108|157|2, 10|2|Ocean City|6720 Sem Av.|AL
Ora Delgado|5974303424|158|3, 8|3|New Iberia|632-1224 Tellus Rd.|MA
Seth Neal|1745158572|159|8, 4, 7, 9, 10, 2|3|Whittier|653-5219 Rutrum Road|SD
Grady Johnston|4198347820|160|4, 9, 6, 7, 10|2|Oshkosh|P.O. Box 890, 3255 Per Av.|UT
Mohammad Grant|5824170090|161|8, 6, 10, 1, 7, 3|2|Shawnee|3400 Auctor Street|NM
Jarrod Finley|2914321320|162|7, 3, 4|1|Plano|9137 Cras Ave|CO
Moana Mayo|9851282325|163|4, 9, 3|2|Dana Point|9513 Ac, Rd.|MI
Kirk Butler|7492410743|164|5|1|Burlington|Ap #720-9902 Donec St.|CO
Kevin Dejesus|5917427170|165|5, 6, 1|2|Charlotte|6640 Duis Road|MD
Jacob Watts|2993635353|166|2, 8, 6|1|Cedarburg|Ap #116-8176 Eu, St.|WI
Dominic Vargas|1184829273|167|9, 1, 10, 8, 2|3|Reedsport|645-8443 Magna. St.|IN
Bo Conner|6301129303|168||1|Sioux Falls|P.O. Box 287, 9182 In St.|MA
Alfonso Mejia|4364493796|169|10, 5, 3, 7, 9, 6|2|Salinas|5707 Quam Rd.|MD
Farrah Hoover|9676025405|170||2|Elsmere|9244 Dui Ave|IA
Dillon Michael|6234836476|171||3|Gallup|P.O. Box 685, 6923 Mollis Ave|ME
William Abbott|4138064440|172|2, 7, 8|3|Attleboro|P.O. Box 687, 3187 Consectetuer Rd.|MS
Dolan Joyce|9477442982|173|3, 10, 8|2|Florence|445-5718 Posuere Street|VT
Scarlet Guzman|8215767640|174||3|South Pasadena|669-5548 Lorem, Avenue|DE
Hasad Lane|3668425175|175|8|2|Ann Arbor|587-953 Enim. Rd.|MA
Jemima Walters|3162596662|176|4, 1, 5, 3, 7, 8|1|Huntsville|Ap #525-8444 Ante. Ave|CO
Fatima Bates|8469056729|177|8, 3, 6, 10|1|Layton|P.O. Box 631, 7183 Sed Av.|IN
Ali Gay|9409555284|178|1, 8, 10, 2, 6, 7|2|Duluth|706-833 Nam Road|OH
Bevis Barker|7506161346|179|1|1|Diamond Bar|Ap #357-4948 Ante Road|LA
Lev Hart|7144205651|180|9, 2, 10, 8, 1, 6|1|Chandler|5794 Aliquam Rd.|WY
Mara Mcdaniel|5479700275|181|3, 4, 5|3|Irvine|8957 Nibh. Street|SC
Anika Hood|5683563680|182|8|2|Valencia|P.O. Box 995, 3321 Ut Road|WV
Hanna Harding|4927580271|183|6, 1, 2|1|Hammond|Ap #571-8664 Molestie Rd.|MN
Darryl Simmons|8205896067|184|3, 1, 2|3|Saipan|317-2813 Nam Road|PA
Kasimir Mcfarland|5761556614|185||2|Brigham City|907-1218 Etiam Av.|DE
Malcolm Price|1342998513|186|5, 1, 4, 7, 9|3|Oil City|P.O. Box 934, 7274 Urna. Rd.|GA
Giselle Walters|6738736240|187|7, 8, 10, 9, 1, 4, 2|2|Rancho Cordova|4096 Nibh Avenue|OK
Theodore Best|9583356980|188||3|Scarborough|4715 Dis Road|SC
Jacob Park|6324659257|189|9, 1|3|Enid|Ap #838-8225 Non, Road|MN
Dorian Chandler|9633382549|190|1, 2, 9, 8, 4, 3, 6|1|Whittier|Ap #679-3814 Egestas. Rd.|CA
Martina Duncan|9362654194|191||2|Thomasville|Ap #815-3281 Vitae Avenue|NM
Xaviera Stokes|7259803097|192|8|1|Phoenix|P.O. Box 866, 3684 Vitae, St.|TX
Fritz Peters|3622425523|193|4, 10, 3, 7, 2|2|Hartford|Ap #203-7986 Torquent Road|MI
Britanni Cash|1733267781|194|9, 7, 8|1|Zanesville|Ap #126-5045 Quisque Ave|AK
Maia Cochran|8351528319|195|9, 4, 7, 3, 2, 6|3|Nenana|P.O. Box 946, 253 Neque Rd.|HI
Marny Henson|5096523933|196|7, 6, 9, 3, 8|2|Meridian|7744 Lorem Avenue|WI
Jessica Melendez|4064525918|197|10, 4|1|Kent|309-8177 Orci. St.|ME
Emily Wooten|6369885894|198|3|2|Nashua|P.O. Box 460, 4745 Purus. Rd.|ME
Quinlan Hahn|3092977772|199|2, 10, 8, 7, 3, 1, 4|2|Terre Haute|7309 Magnis Street|OH
Gay Irwin|6556744521|200|4, 3, 1, 9, 5, 10|2|Rialto|9566 Diam. Av.|NH
Quyn Byers|6863995425|1|1, 10, 3, 6|3|Lock Haven|712 Felis Avenue|UT
Brady Moss|5641040583|2|8|3|Lufkin|428-5571 Id, Rd.|KY
Mercedes Wynn|2343393986|3||3|New Kensington|P.O. Box 515, 479 Sit Rd.|MA
Nicole Hess|4097480367|4|8, 4, 10|2|Reedsport|5806 Vulputate St.|AZ
Quamar Rhodes|6186823969|5|9, 6, 4, 5, 2|2|Bellflower|P.O. Box 122, 834 Adipiscing Rd.|DE
Sean Underwood|9075898868|6|3, 10, 1, 9|2|El Paso|931-9230 Consequat, Av.|MO
Preston Hickman|2716615573|7||2|Carolina|797-1216 Malesuada St.|AL
Stephen Hickman|1657272846|8|10, 3, 5, 4, 1, 2, 7|1|Glendale|7517 Aliquet Road|NE
Octavius Herrera|3808535819|9|4, 2, 6|1|Tustin|799-9899 Nonummy Street|UT
Noble Fleming|8537062982|10|3, 10|1|Jonesboro|1650 Dignissim. Rd.|MO
Quentin Cooper|9673389578|11|3, 10, 5, 2, 6|3|San Marino|471-2844 Dui. St.|SC
Amber Workman|1673952520|12|5, 9|3|Newport|331 Massa St.|IN
Axel George|7004399642|13|1, 5, 2, 7, 10|2|Marietta|Ap #217-2059 Nonummy St.|TN
Eaton Christian|5319719362|14||2|Merced|P.O. Box 254, 7773 Egestas Rd.|WA
Ann Bryan|6425145517|15|5, 4, 9, 3|1|New Orleans|Ap #463-3670 Cubilia Rd.|NC
Ian Rich|9805940568|16||2|East Hartford|3905 Non, St.|MN
Rina Stephenson|4774379325|17|3|3|Montgomery|Ap #242-2244 Felis. Av.|CT
Alden Adkins|2876145560|18|10, 9, 2, 6, 8, 3|2|Wynne|Ap #224-5549 Non, Road|SC
Lani Ruiz|1357592063|19|5, 9, 6, 8, 10, 3, 2|1|Slidell|Ap #270-2052 Mollis. Rd.|IA
Quinn Brock|2169751714|20|5, 9, 3, 4, 2|1|Rawlins|P.O. Box 738, 9265 Dis Ave|NE
Nehru Moss|1829580305|21||2|South Burlington|P.O. Box 333, 2928 Libero. Road|NY
Yoshio Fitzgerald|1851341746|22|4, 2, 6, 5, 10, 7|1|Aliso Viejo|P.O. Box 425, 8711 Erat. Rd.|OR
Shea Barber|5666006843|23|10, 3, 4, 7, 1|2|Kenosha|Ap #230-379 Sit St.|IA
Susan Gibbs|2597693447|24|4|3|Bridgeport|Ap #520-9828 Gravida Avenue|WI
Skyler Forbes|2429012550|25|1, 7, 3, 10, 6|2|Wilson|Ap #657-5318 Eros Rd.|NJ
Hayes Trevino|8817930490|26|3|2|Bowling Green|Ap #552-6464 Enim St.|KY
Alika Duncan|1838778268|27|10, 7, 8|3|Homer|P.O. Box 123, 7579 Proin St.|MS
Raymond Pruitt|3611388656|28||2|La Puente|Ap #210-5068 Sit Ave|CA
Elijah Shaffer|6996384931|29|6, 1, 10, 4, 5, 9, 3|2|Asbury Park|Ap #731-8512 Non, Road|OR
Burton Malone|6052335376|30|10, 3|3|Las Cruces|P.O. Box 929, 9442 Urna St.|TX
Avye Henderson|5197532809|31|5|3|Brookings|P.O. Box 391, 9909 Vitae St.|CA
Athena Kaufman|8245777676|32|10, 8, 3, 5, 4, 1|3|Toledo|P.O. Box 627, 9276 Litora Avenue|GA
Aaron Palmer|6212988665|33|3, 6|3|Guayama|900-7315 Quisque Av.|OH
Ora Hawkins|4956934500|34|1, 8, 9, 6, 7, 2, 3|1|Atwater|Ap #843-7705 Vulputate, St.|HI
Josiah Miller|9415359950|35|1, 4, 2, 7, 6, 9|3|Lima|P.O. Box 340, 7534 Est Avenue|IL
Dawn Suarez|8704053013|36|3, 8, 6, 5, 1, 7, 4|1|New Britain|Ap #329-8273 Sit St.|VT
Aubrey Robertson|9783846959|37|5, 3, 6, 2, 10, 4|2|DuBois|8207 Magna. Road|IL
Troy Gibson|6814197783|38|7, 4, 2, 3, 6|1|Salem|P.O. Box 816, 6848 Quisque Av.|MS
Lewis Sanford|2495592286|39|7, 9, 1, 8, 3, 5, 2|1|Ypsilanti|P.O. Box 887, 7756 Tincidunt St.|OH
Guy Kirkland|6741333510|40|1, 2, 5|1|Pasadena|5484 Lorem, St.|VT
Zephania Elliott|1505638090|41||2|Helena|Ap #513-5832 Duis St.|MD
Lani Neal|2176815805|42|4, 9, 1, 3, 7, 10, 8|3|Lawrence|7683 Pede, St.|NH
Roary Cash|1937518109|43|1, 8, 3, 6, 9|1|Saint Louis|2116 Elit. Rd.|IL
Lesley Bonner|5608469279|44|1|2|Chandler|Ap #241-9861 Erat Av.|WA
Laura Alvarado|1208668937|45||2|Duquesne|6346 Purus, St.|FL
Callum Richards|8198065859|46|1, 6, 2, 4|3|Winooski|P.O. Box 708, 623 Donec Road|LA
Clare Campbell|4313477227|47|8, 5, 7, 6, 9, 1, 3|1|Parma|6038 Ac Rd.|NV
Blythe Rice|4415752585|48|1|3|West Hollywood|149-2959 Tempor Ave|AK
Herman Rogers|6892553049|49|7, 6|2|Tucson|596-5476 Felis Street|ME
Vivien Clements|5816360409|50|5, 2, 8, 1, 6, 9|3|Denver|Ap #956-5955 Nulla St.|WY
Kelly Chang|3329799299|51||3|Clairton|7026 Sed Ave|IA
Jonas Shields|9712791710|52|2, 7, 4, 5, 9|3|Livonia|P.O. Box 466, 3023 Quis, Rd.|MT
Raya Guerra|1553344065|53|6, 3, 4, 2, 1|1|Brunswick|671-1751 In Av.|TX
Whoopi Dejesus|8572825890|54|3, 7, 4, 1|2|Huntington|Ap #744-4782 Aliquam Street|NJ
Ima Shaffer|4965781681|55|2|3|Jamestown|P.O. Box 323, 7469 Eu Street|PA
Cassidy Mcintosh|2127918599|56|10, 8, 3, 2, 4|2|Douglas|892-4836 Id Ave|DC
Marvin Rhodes|8795603202|57|10, 2, 3, 6, 9, 8, 5|2|Columbia|Ap #346-7890 Mauris Street|PA
Iola Lambert|7242855167|58||2|Idaho Springs|1594 Nibh. Avenue|OH
Armando Butler|3737923430|59|9, 6|3|Scottsbluff|Ap #385-7120 Adipiscing Rd.|MD
Rafael Little|3581514044|60|5, 4|1|Wisconsin Rapids|Ap #946-4668 Eu Ave|CO
Daniel Moss|4754368303|61|7, 8, 9, 5, 4|3|Centennial|5974 Suspendisse Ave|DC
Lillith Hartman|6912357288|62|9, 2, 8, 3|2|Pico Rivera|799-8057 Dictum St.|NV
Hillary Watts|4315762941|63|1, 3, 5, 8|3|Grand Island|Ap #309-8646 Odio St.|IA
Dolan Donovan|4638301252|64|7, 6, 10, 3, 4, 1|2|Aliso Viejo|8941 Nec Road|IA
Stacey Martin|3217057172|65|8, 9, 2|2|Shawnee|987-9378 Et St.|NV
Rinah Byers|4031087259|66|3, 8, 1, 7|1|South Burlington|P.O. Box 202, 2256 Non Street|ND
Alec Roth|5015092351|67|5, 6, 2, 9, 4, 10, 3|2|Dickinson|886-9284 Nulla Ave|AL
Wesley Sampson|5991082334|68|5, 9|3|Dallas|Ap #412-5954 Ipsum Rd.|NH
Kessie Hampton|8529611945|69|7, 1|1|Minneapolis|P.O. Box 313, 5008 Lacus, Avenue|OH
Alvin Blackwell|5534145191|70|3, 7, 5|2|Columbus|392-520 Aenean Rd.|AL
Ava Bonner|4648893984|71|8, 6, 1|2|La Cañada Flintridge|9000 Magna. Avenue|WV
Savannah Ballard|8263052450|72|6, 1, 2, 8, 5, 7, 4|1|Pittston|Ap #543-7066 Congue Av.|NV
Kennan Mcintyre|2825976337|73|10, 8|3|Richland|237-1886 Ante Rd.|WA
Nyssa Le|6581466894|74|4|3|Bell Gardens|338-6211 Dictum. Road|LA
Gage Sutton|3863229024|75|5|2|Parma|P.O. Box 456, 5068 Sagittis Av.|MS
Scott Gregory|4606935050|76|7, 6|1|Muskegon|Ap #509-4404 Dapibus Avenue|FL
Dora Macias|8965990050|77|2, 10|1|Temecula|Ap #985-5787 Molestie St.|SC
Shaine Giles|4899799749|78||3|Moultrie|P.O. Box 290, 5360 In Avenue|WI
Hammett Frazier|2121919769|79|2, 5, 9, 10, 8, 3|2|Racine|8184 Tellus Road|VT
Kirsten England|2745746712|80|7, 4, 2, 10, 1|2|Rock Island|P.O. Box 919, 8299 Eget St.|AL
Harlan Evans|1075811523|81|9|3|Austin|P.O. Box 272, 7991 Morbi Avenue|DC
Chandler Horn|9215035669|82|2, 10, 6, 5, 4, 9|3|Hazleton|Ap #589-5776 Lorem Ave|OK
Phillip Carver|5039165724|83|2, 9, 7, 5|3|Galveston|945 Nec, Ave|KY
Madaline Bridges|7111127699|84|8|1|Melrose|527-8236 Massa Ave|ND
Isabelle Richardson|7588715405|85|1, 9, 2, 8|3|Albuquerque|102-2708 Enim. Road|WY
Nina Richard|8366072487|86|1, 4, 8, 6, 10, 2, 7|1|Pasco|P.O. Box 412, 8775 Lacinia Rd.|AL
Lee Roberson|3848910308|87|9, 8|1|Plano|Ap #113-5591 Lorem, Ave|OR
Buffy Koch|6095916214|88|8, 10, 3, 5|1|Parma|758-2499 Pharetra. Ave|CT
Hanna Morse|8453379683|89|7|2|New Haven|P.O. Box 693, 4257 Ac St.|DE
Rhoda Ruiz|6239518192|90|4, 9|3|Reading|7784 Magna. St.|NV
Lawrence Griffith|7151012821|91||2|Bethlehem|P.O. Box 241, 4985 Nulla Ave|SC
Athena Cervantes|8278380102|92|1, 5|1|Richmond|4300 Hymenaeos. Av.|LA
Jonas Hopper|9266194215|93|1, 8, 10, 7|1|Carson|P.O. Box 442, 9366 Nulla Rd.|ME
Imani Schultz|1757852168|94|5, 6, 10, 7|3|Nichols Hills|Ap #514-4470 Arcu. Rd.|AK
Stacy Snider|7535486554|95|9|3|Davenport|4533 Dolor Road|SD
Aretha Olson|7722269925|96|6, 2, 5|3|Cincinnati|Ap #771-1258 Integer Ave|LA
Chandler Barton|4935194010|97|2, 10, 7|2|Dixon|7867 Dolor Street|KY
Imani Lee|2845364866|98|6, 9, 4, 1, 7, 8|1|Ruston|579 Vel Street|AK
Chase Kelley|8334869346|99||2|Radford|P.O. Box 582, 8871 Ligula. Av.|AK
Athena Martinez|7481350607|100|5, 9, 10, 2, 3|1|DeKalb|P.O. Box 370, 7467 Feugiat. Av.|IA
Rowan Stone|9271521239|101|8, 3, 6, 1, 2, 4, 9|1|Diamond Bar|583-6613 Amet Avenue|RI
Jennifer Navarro|6747378507|102|1, 4, 6|2|Amesbury|739-9164 Vulputate Street|IL
Hayley Vincent|1138406904|103|4, 10, 5|2|Fajardo|9393 Orci Av.|SC
Hadassah Combs|9433273974|104|8, 5|1|Boulder City|8679 Quisque Street|GA
Timothy Maxwell|9803230528|105||1|Warner Robins|P.O. Box 986, 9912 Sit St.|MD
Taylor Williamson|7701931559|106|5, 4, 10, 9, 2|1|Sandy|P.O. Box 265, 2625 Vel Street|MD
Camille Hancock|7937978538|107|9|2|Lebanon|902-1658 Ut Avenue|VT
Farrah Faulkner|5263141779|108|4, 10, 2, 6, 1, 9|3|Syracuse|358-8086 Aliquet. Rd.|IL
Brenna Lynch|7329561230|109|3|1|Thomasville|591-4841 Class Ave|NE
Lilah Bond|4933594824|110|3, 10, 5, 2, 6, 7, 1|1|Wilmington|P.O. Box 815, 4574 Lorem, Avenue|RI
Anastasia Slater|8012505330|111|9, 1|3|Nanticoke|4485 Nascetur Ave|GA
Tyler Ellison|5726887420|112|10, 5, 1|3|San Gabriel|Ap #567-7899 Dis Road|RI
Nicholas Barber|6432319740|113|4|3|Newport Beach|P.O. Box 830, 725 Auctor Street|WV
Quin Wood|5237556297|114|4, 2, 3|1|Gastonia|Ap #778-4648 Suspendisse Road|MN
Curran Howard|3479926223|115|5, 9, 10, 6, 1|2|Escondido|5260 Lorem Avenue|ME
Colorado Mejia|7405407029|116|2, 4, 6|1|Idaho Springs|158-2996 Egestas. Ave|OK
Kaitlin Giles|1935342461|117|1, 2, 10, 3, 7, 8, 9|3|Compton|Ap #190-7492 Erat Rd.|ID
Delilah Mcfarland|4299531002|118|10, 9, 8, 3, 2, 4, 1|2|New Haven|P.O. Box 340, 5887 Consequat Av.|MD
September Wyatt|1091631634|119|4, 8, 1, 6|1|Seattle|1719 Morbi Av.|MI
Shaeleigh Evans|4934996060|120|7, 10, 8|3|Miami|447-8542 Phasellus Ave|TN
Nell Burgess|2645541602|121||2|Durant|Ap #565-1753 Sagittis Street|MO
Solomon Mendez|4508149752|122|7, 3, 1, 2, 6, 10, 8|1|Macomb|P.O. Box 183, 5285 Ligula Road|ND
Hayden Fleming|7936085737|123|9, 8, 4, 7, 1|1|Moscow|1478 Pede. Rd.|CA
Julie Jennings|7231839312|124|2|2|Malden|P.O. Box 640, 8195 Lorem. Ave|DC
Ferris Morse|8508347750|125|1, 2, 6, 10, 8, 7, 9|2|Jeannette|Ap #262-8505 Hendrerit St.|ND
Casey Gates|1738176936|126|7, 6, 10, 9, 4, 5|2|Aguadilla|Ap #278-2958 Non, Road|GA
Jakeem Levy|4183369205|127||2|West Lafayette|683-3088 Cras St.|ND
Portia Crane|5908277573|128|2, 10, 9, 4, 7|2|Farmer City|4681 At Road|OH
Kelly Howell|6047864522|129|4, 5, 1, 10, 2, 3|1|Myrtle Beach|6488 Risus Avenue|LA
Baker Terry|2795472924|130|6|3|Taunton|2562 Aptent Ave|MD
Vance Jones|1029577869|131|3, 6|1|Fort Worth|P.O. Box 160, 5579 Adipiscing. Street|MN
Jesse Wagner|3512189959|132|9|3|Wheaton|P.O. Box 193, 6995 Semper St.|MS
Chancellor Hendrix|6758847896|133||2|Mayagüez|Ap #977-3076 Aliquam Rd.|AZ
Jerry Howard|8106043839|134|3, 2, 9, 1, 6, 4|3|Pendleton|433-6122 Aliquet. Street|IA
Barbara Pruitt|5272315154|135||3|Montpelier|6392 Conubia St.|SD
Emerson Todd|8816957473|136|10, 2, 3, 6, 5, 9, 4|2|Pocatello|1700 Cum Avenue|NV
Elton Sims|6168763510|137|9, 3, 4, 10, 6, 7, 2|3|Port Jervis|Ap #682-2728 Cubilia St.|FL
Kyla Ball|1768531142|138||2|Cape Coral|2402 Consectetuer, Rd.|UT
Lucian Holcomb|9617460674|139|1, 3, 6, 5, 2, 7|1|Spokane|634-9504 A Ave|KS
Kyla Reyes|5192652236|140||1|Huntington Park|3907 Tellus Av.|OR
Uta Fletcher|9448604838|141|8, 10, 6|2|Quincy|Ap #178-7695 Vestibulum Road|ID
Nathaniel Long|3101705644|142||2|Newburyport|P.O. Box 623, 5230 Lectus Ave|ME
Colby Vincent|1392107742|143|4, 2, 5, 8, 9, 6, 10|2|Laguna Hills|Ap #897-7767 Tellus. Street|WY
Zachery Velazquez|8381488230|144|4|2|Aliso Viejo|Ap #829-5860 Mattis Av.|NM
Laith Luna|4944332662|145|3, 10, 4, 7, 6, 5|3|Farrell|2804 Lectus Rd.|CA
Sara Murray|1255698964|146|2|1|Narragansett|P.O. Box 539, 7831 Donec Rd.|GA
Lunea Solis|2846534408|147|10, 4, 7, 3, 9|2|San Rafael|3039 Fermentum St.|WA
Fleur Lopez|9434097438|148|2, 5|1|North Chicago|1021 Malesuada St.|IA
Clare Molina|3106515369|149|8|2|Chino|P.O. Box 373, 7256 Nisi. Rd.|MS
Ursa Bullock|3019634094|150|5|1|Marshfield|Ap #297-6095 Ornare Av.|GA
Keiko Freeman|5645289373|151|7, 5, 10|2|Burbank|1899 Hendrerit Street|VT
Illana Hinton|4908436363|152|3, 1, 6, 4, 8, 7|3|Stockton|P.O. Box 406, 895 Sit Avenue|AZ
Justine Jennings|7455882255|153||3|Citrus Heights|713-6705 Nullam Rd.|ME
Catherine Singleton|7633525770|154|1, 7, 9, 8, 5, 3|3|Vineland|819-9364 Eros. Street|NY
Blaze Joseph|6789214085|155|10, 1, 6, 5, 9, 7, 8|1|Forest Lake|Ap #134-3571 Eu Road|FL
Jamalia Noel|5254468544|156|4, 5, 9|3|Steubenville|600-5689 Et St.|NM
Alea Fields|9284642297|157|10, 5, 1, 2|1|Villa Park|959-785 Augue Rd.|WI
Beatrice Donovan|4307050247|158|9, 8, 6, 2, 5, 4|3|Meriden|1166 Eros St.|IN
Kaitlin Haney|1872676691|159|5, 3, 9|2|Farrell|Ap #203-9112 Elit. Av.|SC
Idona Cohen|1283859550|160|7, 5, 8, 1, 6, 9, 2|3|Fort Smith|4639 Et, Rd.|NE
Ira Whitfield|8527712767|161|10, 4, 2, 5, 6, 3|3|Hackensack|6646 Neque St.|MO
Eaton Ware|5047729096|162|1, 4, 6, 5, 2, 9|3|North Adams|Ap #244-4595 Sodales. Av.|FL
Oscar Calderon|2869688684|163|3, 2, 6, 5|3|Oxnard|880-1691 Arcu Ave|NE
Tasha Nunez|7727316900|164|10, 5, 3, 1|1|New London|8426 Aliquet Av.|WI
Honorato Stein|2155996596|165|10, 6, 7, 1|2|Spartanburg|Ap #891-2453 Sem Road|NY
Martin Koch|6811707293|166|1, 9, 8, 5, 10, 2, 6|2|Schaumburg|771-9984 Eros. Ave|CT
Martena Monroe|7478275568|167|2, 10, 8|1|Missoula|P.O. Box 141, 8953 Sit Avenue|DC
Kenyon Ryan|9057223892|168|7, 2|3|Topeka|3195 Inceptos Rd.|NE
Kaden Booth|9415237517|169|2, 3, 6, 8, 1, 9|1|Yorba Linda|Ap #347-5839 Pede. Street|FL
Baker Everett|3538775393|170||3|Watervliet|Ap #737-7698 Varius St.|RI
Shellie Beard|4343118411|171|8, 5, 7, 2|1|South El Monte|120-1997 Volutpat Road|GA
Amena English|6478596007|172|4, 9, 5, 2|2|Pocatello|P.O. Box 667, 1131 Nulla. Avenue|LA
Callum Mitchell|3532127225|173|3, 1, 2, 7, 10, 8|2|Benton Harbor|P.O. Box 411, 5096 Pharetra. Road|NH
Maxwell Cruz|4256473608|174|8, 2, 1|1|Hastings|Ap #823-227 Purus. Rd.|FL
Meredith Harrison|4999372971|175|1, 8, 6|1|Carson City|Ap #845-5410 Cras Rd.|VA
Clarke Franklin|1121492473|176|2, 4, 1, 7, 10, 3|2|Frisco|P.O. Box 308, 7279 Vitae St.|WI
Vanna Everett|1051453837|177|5, 2, 7, 10, 3|3|Marshfield|Ap #544-7308 Litora St.|NV
McKenzie Serrano|5736188015|178|1, 7, 6, 9, 5, 2|2|Atlanta|Ap #596-1424 Vitae, Road|FL
Reece Alvarado|5432620746|179|7, 3, 10, 2|3|Oxnard|398-3505 Magna. St.|MS
Brynn Key|8689310056|180|2, 8, 7, 1|3|Trenton|P.O. Box 441, 5126 Sed St.|ND
Mark Cobb|6206516672|181|1, 4|2|Jeffersontown|Ap #214-1998 Elit Ave|IA
Sawyer Kennedy|5151676349|182|7, 3, 10, 1|2|Titusville|Ap #549-5217 Integer Street|TN
Germane Garrison|8489165405|183||2|Knoxville|9968 Felis Av.|LA
Geraldine Pena|2111036676|184|1|1|Baytown|4219 Curabitur Rd.|NV
Cyrus Trevino|9302314072|185|1, 6, 8, 3, 7|3|Miami Beach|P.O. Box 819, 5286 Eget St.|ND
Phelan Mccarthy|1163577559|186|3|1|Pomona|6305 Ipsum Street|RI
Nicholas Lara|1767015760|187|1, 2, 5, 4, 8|3|Worcester|P.O. Box 217, 2827 Massa. Rd.|AL
Yoko Lara|7715739490|188|6|2|Torrance|P.O. Box 477, 2898 Nibh. St.|CT
Desirae Moss|7083712212|189|7, 2, 3|2|Seal Beach|4812 Vitae, Rd.|UT
Keelie Bush|7215596717|190||2|Fairfield|6683 Quis Rd.|AK
Paula Mcintyre|8489049710|191|4, 8, 10|3|Williston|Ap #700-3556 Eu Ave|NY
Belle Dennis|3513651372|192|2, 3, 6, 8, 5, 4|1|Albany|Ap #928-619 Sed Ave|HI
Callie Hudson|6758319682|193|1, 9, 4|3|Saint Paul|223-5024 Eget Rd.|NH
Martena Ayala|1368778360|194|1, 8, 9, 3, 5, 6|2|Jonesboro|2139 Egestas. Av.|ME
Megan Ball|4641517343|195|9, 1|2|San Dimas|Ap #348-6576 Neque. Rd.|AK
Farrah Brady|1951567801|196|10|3|Montebello|915-9727 Id, Street|KS
Edward Hernandez|6296753655|197|1, 3, 6, 2, 9, 8|1|Champaign|365-5440 Nisl. Rd.|OK
Sage Cameron|4101954519|198|5, 6|2|Roswell|P.O. Box 961, 7207 Donec St.|VT
Kevin Baker|2603566185|199|9, 1, 4|3|Edina|802-7855 Pharetra, St.|KS
Forrest Gould|8941506691|200||3|Norwalk|P.O. Box 227, 7875 Ullamcorper St.|MD
Liberty Alvarado|4824285304|1|9, 1, 10|1|Watervliet|4652 Nec St.|UT
Joel Hurst|8932250891|2|2|2|Hermitage|220-442 Ligula. Rd.|KS
Katelyn Romero|8411771562|3|4, 5, 6, 10, 2|2|Battle Creek|Ap #405-2707 Ut, Street|TX
Raven Morrison|2273943416|4|5|3|Shelton|778-3169 Cras St.|GA
Beck Snow|3366219626|5|6, 8, 10, 9, 1, 2|2|Vicksburg|601-8444 Imperdiet, Rd.|MO
Vielka Gonzales|9295415131|6|2, 1, 7, 9, 10, 5, 3|2|Rock Island|P.O. Box 709, 8342 Dolor Avenue|NE
Quintessa Strickland|3088493635|7|1, 8, 6, 5|3|Duncan|398-7211 Lacus. Av.|SD
Jolene Owen|9558951596|8|9|3|Wilkes-Barre|258-5007 Quam. Ave|AK
Yvonne Richard|8436486083|9|7|2|Steubenville|P.O. Box 567, 6133 Semper St.|FL
Lev Welch|2027513697|10|2, 1, 7, 4, 10, 8|1|Morgantown|Ap #274-8261 Vel St.|VT
Idola Solis|7514037725|11|7, 6, 3, 9|2|Frisco|P.O. Box 218, 3965 Cras Rd.|WA
Roary Rodgers|4397325050|12|1, 5, 3, 6, 4|3|East St. Louis|143-7552 Risus. Road|GA
Kylee Wooten|1898213373|13||3|Yonkers|522-9755 A, Street|MS
Kendall Hyde|3432654028|14||1|Aliquippa|809-4401 Donec Rd.|PA
Xenos Davidson|3364019047|15|9|1|Moscow|3982 In Rd.|WV
Hanna Vasquez|8635036940|16|3, 8, 9, 5, 10, 7|1|Madison|P.O. Box 690, 2260 Magna. Av.|WY
Liberty Trevino|2226352393|17||1|Cohoes|P.O. Box 473, 3076 Diam. St.|GA
Tatiana Buchanan|8135487880|18|8, 7, 2, 3, 10, 9, 4|3|Parker|525 Vel, Avenue|FL
Perry Bradley|2625074853|19|1, 4, 9, 10, 3, 2, 8|2|New Haven|Ap #539-498 Ligula Avenue|OH
Rebecca Rowe|8304477330|20|5, 6|2|Laguna Woods|2632 Facilisis Road|ME
Shay Chase|5655003736|21|3, 2, 8, 5, 10, 1|3|Great Falls|Ap #125-107 Arcu Ave|AK
Shay Deleon|2587580327|22|5|1|Rancho Palos Verdes|275-9889 Consequat Avenue|MO
Sebastian Phelps|2358839167|23|7, 5|2|Martinsburg|2192 Purus Rd.|MT
Brett Gross|2277050077|24|4, 6, 10, 5, 1|3|Cudahy|Ap #538-1106 Nisl. Avenue|IN
Cruz Morris|2438599576|25|5, 4|1|Chicopee|2720 Placerat Avenue|AK
Clark Durham|8372121088|26|4, 9, 1, 3, 5|3|Bentonville|P.O. Box 958, 8207 A, Rd.|AZ
Alden Franklin|9302433512|27|6|3|Tucson|6304 Nec Rd.|IA
Quintessa Frye|3763916268|28|6, 4, 8|1|Springfield|823-3905 Pede Ave|NM
Cameron Walton|1964879047|29|4, 6, 10, 2|2|Mandan|7290 Nunc Street|NC
Jordan Sampson|4571857861|30|4, 8, 6, 7, 10|1|Guthrie|Ap #432-7542 Enim, St.|IN
Darryl Bray|3783630592|31|4|1|Fremont|8773 Sit Street|AZ
Oprah Flowers|3002374324|32|2, 6, 9, 7, 8|1|Bentonville|676-4732 Rhoncus. Rd.|MA
Christian Petty|2274558972|33|6, 4, 1, 5|2|Gary|Ap #106-4488 Tristique Avenue|CT
Mariam Snow|1864312295|34|4, 2, 10, 7, 8, 5|3|Green Bay|P.O. Box 113, 4009 Adipiscing Avenue|FL
Allen Barton|9864286581|35|3, 6|3|Norton|Ap #685-1336 Tempus Ave|VT
Carl Walsh|5069255837|36|5|1|Jeffersontown|P.O. Box 180, 9097 Arcu. Av.|AK
Ashely Wheeler|2151416243|37|6, 10, 3|2|Durango|161-2366 Imperdiet Street|MD
Emi Greene|8499805058|38|2, 6, 1|2|Manhattan|3340 Lobortis. Av.|AZ
Ali Goodwin|7876857362|39|2|1|Lima|830-6459 Semper Street|ME
Michael Poole|8544301663|40|2, 1, 10, 3, 4, 7, 6|2|Janesville|Ap #753-5806 Tortor Avenue|CT
Dawn Solis|6831141815|41|6, 2, 4, 1, 7, 8|3|Rensselaer|644-3494 Phasellus Ave|NM
Lesley Johnson|1382522438|42|2|3|Rome|924-689 Nec, Ave|UT
Maryam Graves|5016648087|43|4|1|Lomita|8914 Aliquet Av.|TN
Delilah Kemp|1752216114|44|10, 1, 3, 7, 9, 4|1|Rolla|Ap #668-9583 Et, St.|ME
Colette Strickland|3945151376|45|7|3|Dodge City|5818 Dolor, Avenue|WV
Shelly Charles|1105620768|46|4, 8|3|Columbia|P.O. Box 835, 2689 Rutrum. Ave|CT
Breanna Foreman|1235865623|47|9, 10, 7, 3, 6, 8, 1|2|Eatontown|547-3885 Parturient St.|NH
Judah Stevens|5721695219|48|2|2|Jamestown|3722 Duis Rd.|WI
Shaine Jefferson|3326384906|49|5, 4, 1, 10, 6, 8|3|Santa Ana|717-9363 Sed Rd.|LA
Randall Shepard|4101594491|50|7, 1|2|Mesa|5512 Nulla St.|WA
Merrill Petersen|2182131581|51|5, 3, 6, 10, 2|1|Revere|Ap #586-5815 Imperdiet St.|OH
Daryl Henry|1323463044|52|4, 2, 9, 7, 5, 3|2|Lancaster|P.O. Box 183, 9527 Nec Road|VA
Christine Gamble|9552925070|53|9, 7, 1, 5, 6, 2|3|Lancaster|Ap #975-1501 Vulputate, St.|NM
Gareth Washington|8851876946|54|7, 10, 4, 6, 3|1|DeKalb|7128 Blandit Rd.|NC
Maite Young|5581578163|55|7, 8, 2, 5, 6, 9|3|West Lafayette|948-3867 Urna Ave|CT
Adria Byrd|9501078242|56||2|Wisconsin Rapids|247-4398 Fusce St.|NH
Ishmael Pena|6977045397|57|4, 9, 5|3|Laguna Woods|8647 Velit St.|MN
Kaye Valdez|3189894423|58|6, 1|1|Torrance|6930 Tellus St.|VT
Clarke Henson|3452341894|59|1|2|Villa Park|4900 Blandit Road|CA
TaShya Ford|3178313592|60|6, 10, 4, 8, 7, 1, 9|1|Beverly|447-743 Orci, Rd.|NH
Wayne Swanson|5163576079|61||3|Blacksburg|Ap #467-6147 Vestibulum Rd.|DC
Kyle Becker|1764240310|62|2, 7|2|Coos Bay|6554 Mollis St.|OH
Edan Ellis|1397821952|63|7, 5, 2, 1, 9, 6, 8|1|Bradbury|P.O. Box 695, 2250 Enim Rd.|VA
Julie Chase|6813734696|64|7, 8, 5, 2|3|North Charleston|8872 Arcu. Street|MT
Joshua Alvarez|9191464823|65|10, 1, 4, 8|3|Newcastle|5017 Ante St.|AL
Damon Knapp|5164109682|66|8, 3, 5, 2, 10, 6, 7|2|Kalamazoo|Ap #150-5674 Dictum St.|NH
Reuben Bonner|9973172765|67|5, 9, 10, 2, 3|3|Memphis|P.O. Box 194, 3274 Orci Ave|ND
Brenda Richmond|5048121986|68|7, 2, 10, 1|3|Laconia|Ap #872-8115 Erat Rd.|IL
Valentine Ballard|9958179056|69|6, 3, 7, 9, 10|3|Astoria|Ap #242-2535 Arcu. Road|VT
Cecilia Valenzuela|6144313470|70||2|Bozeman|Ap #965-1724 Imperdiet, Avenue|NJ
Galvin Langley|2496800280|71|1, 6|1|Manchester|P.O. Box 677, 3779 Parturient St.|TX
Noble Guthrie|4231040220|72|7, 1, 3, 5|2|Downey|580-1332 Et, Ave|KY
Savannah Patel|2002042362|73|8, 6, 5, 3, 1, 4|1|Kokomo|8134 Donec Av.|WV
Kylie Robinson|9781884120|74|6, 4, 3|2|Rome|Ap #749-5789 Placerat Ave|NE
Buffy Fry|9811704825|75|6|3|Bandera|Ap #778-1977 Risus. Rd.|DC
Forrest Keller|7167961797|76|9, 10, 1, 6, 8, 5, 4|3|Beaver Falls|Ap #814-5383 At, Road|VT
Simon Hale|3001962759|77|6, 4, 7, 10, 2|3|Topeka|Ap #205-8143 Nunc Street|MO
Mikayla Stafford|9781652312|78||2|Springfield|646-4902 Tempor, Ave|WV
Candice Sargent|3863525937|79||2|Anaconda|793-5264 Sem St.|MI
Molly Drake|3596011048|80||2|Greensburg|7608 Amet, Rd.|DC
Rigel Sheppard|5035646741|81|3, 10, 9, 7, 4|1|Yukon|Ap #366-8906 Quis St.|SC
Nathaniel Moore|1705451203|82|7, 8, 10, 1, 9, 3|1|Riverside|197-1897 A Street|FL
Stone Schultz|7683134338|83|2|3|Syracuse|294-2702 Egestas St.|MN
Burke Farmer|6819954282|84|10, 6, 7|3|Ogdensburg|7519 Sagittis Avenue|DC
Margaret Franks|6218202731|85|4, 6, 2, 1, 5, 8, 7|2|Durham|P.O. Box 341, 8390 Dignissim St.|KS
Jennifer Morales|3771073715|86|3, 2, 4, 1, 9|2|Montgomery|Ap #288-5362 Sollicitudin Ave|AK
Adam Patrick|2742725531|87|5|3|Lancaster|P.O. Box 867, 1193 Sociis Rd.|IN
Brenda Yates|8841676207|88|2, 8, 3|3|Hermitage|Ap #964-4865 A, Road|VT
Lilah Strong|5436102319|89|8, 10, 5, 1, 7, 3|3|Provo|784-7452 Mi Street|GA
Garrison Bradford|9845047366|90|1|2|North Chicago|1388 Erat. Rd.|MD
Kirestin Pruitt|3457951698|91|8, 10|1|Helena|P.O. Box 629, 7512 Eu Rd.|MI
Erasmus Cline|1777739427|92|10, 9, 1, 4, 6, 7|1|Pendleton|Ap #609-5390 Leo. Av.|DC
Scarlet Gomez|4611340878|93|7, 4, 1, 5|2|Youngstown|Ap #249-8178 Magna Street|VT
Mason Dixon|8239679458|94||3|Rockville|640-361 Orci, St.|ME
Mohammad Merrill|9999579027|95||2|Cerritos|Ap #187-6747 Luctus Rd.|AL
Geraldine Molina|2251839966|96||2|Yorba Linda|Ap #912-9314 Ornare, Street|NY
Eagan English|3583422389|97|3, 10, 9|3|Battle Creek|Ap #714-1207 Venenatis St.|KS
Hector Mcgowan|1943466855|98|9|2|Oklahoma City|772-6489 Et Rd.|ND
Althea Ellis|5078444290|99|7, 4, 8, 5|3|Bradford|625-432 Ut Road|CT
Ashton Hardin|6015550840|100|7, 6|3|San Francisco|P.O. Box 285, 2914 Dui Street|LA
Gisela Quinn|9485935886|101|7|3|Pomona|3120 Egestas. Avenue|HI
Madeline Mayer|1609193671|102|4, 7|3|Santa Ana|Ap #197-1988 Gravida Av.|WV
Ronan Leon|5454556238|103|6, 5, 10, 1|3|Moraga|144-537 Sollicitudin Av.|IN
Sierra Rutledge|9234880019|104|10, 1, 7, 2|2|Forrest City|Ap #520-3666 Magna. Street|VT
Colt Parsons|8402292311|105|9, 10, 1, 8, 5, 3, 7|3|Highland Park|P.O. Box 368, 5102 Tellus St.|VA
Odette Melton|2263555877|106|6, 7, 9, 10, 5|2|Amesbury|P.O. Box 497, 9863 Enim. Rd.|WA
Nita Maddox|8922487254|107|4, 1, 3, 9, 5, 2, 7|3|Sharon|7581 Enim, Street|ID
Indigo Weiss|4286333059|108|10, 3, 1, 5|2|Texas City|P.O. Box 817, 6298 Nunc Av.|MD
Anthony Gordon|9225659618|109|1|1|Des Moines|526-6592 Sociis St.|RI
Nola Caldwell|1935694303|110|4, 6, 2|3|Phoenix|P.O. Box 385, 3705 Quam. Ave|TX
Aurelia Woods|4039624027|111|8, 9, 1|1|Two Rivers|750 Consequat Av.|DE
Jackson Dejesus|8832804206|112|1, 8, 7, 3, 2, 4, 9|2|Apple Valley|4244 Eleifend, St.|IL
Derek Pearson|2055235755|113|7, 3, 10|3|Scranton|P.O. Box 453, 7845 Pretium Road|IN
Amber Workman|6151495150|114|4, 7, 8, 3|2|Camden|P.O. Box 718, 6388 Enim, Av.|MA
Mohammad Hernandez|6897292343|115|2, 8, 7, 1, 6, 3|2|Somersworth|2699 Nam Rd.|DE
Ezekiel Schultz|8968686811|116|5|1|Anaheim|Ap #645-1021 Metus Av.|ND
Hilel Kline|8316903714|117|7, 9, 8, 10, 4, 2, 5|3|Nashua|P.O. Box 742, 7685 Egestas Ave|SD
Cassandra Gamble|6442445269|118|6|3|Jeffersonville|Ap #883-3512 Vitae Rd.|ME
Karina Patterson|2014469639|119|7, 4, 1, 3, 8, 10|2|Johnson City|3257 Faucibus St.|NE
Unity Beard|1003459412|120|2, 6|1|Hermitage|Ap #885-9731 Facilisis. Rd.|CO
Tanya Chen|4926475887|121|7|3|Highland Park|1034 Fusce Street|IA
Georgia Conley|3615362851|122|10, 3, 6, 5, 1|2|Pasco|P.O. Box 474, 7563 Augue Rd.|IA
Beverly Kirby|7863134985|123|5, 2, 7, 8|1|Santa Fe Springs|4302 Lacus. Avenue|OK
Uma Schmidt|6663876375|124|5, 2, 3, 9, 8, 7, 6|3|Bartlesville|P.O. Box 415, 2444 Vulputate Av.|OR
Candace Martin|1814790065|125|5, 3, 2, 9, 1, 8, 6|3|Hudson|719-8368 Libero Rd.|DC
Zenia Porter|3897587543|126|3, 7, 4, 6|3|Isle of Palms|9828 Iaculis Rd.|MD
Callum Harvey|7427175930|127|2, 4|1|Somersworth|391-3925 Sagittis Road|SD
Kelsie Crawford|1947012952|128|10, 2|3|Citrus Heights|Ap #608-4998 Proin St.|MD
Alice Mclean|9907010062|129|10, 7|3|Alamogordo|Ap #364-4815 Luctus Avenue|WY
Kaden Mcdaniel|2569589641|130||1|Nanticoke|P.O. Box 370, 7094 Aliquam Street|DC
Colette Richard|7736214966|131||1|Syracuse|P.O. Box 498, 957 Cursus Road|ID
Emmanuel Alexander|6032356223|132|5, 8|1|Burlington|P.O. Box 943, 6289 Lectus Rd.|MI
Ursa Horn|5987243567|133|7, 4, 1, 5, 8, 6|2|Glendale|Ap #262-6969 Mollis St.|WI
Macon Hebert|5522865332|134|1|3|Salinas|946-6084 Dolor. Avenue|IL
Craig Norris|5797652985|135|6|2|Eureka|Ap #542-808 Turpis Rd.|TX
Emerald Leonard|1047600686|136|9, 1, 5, 2, 7, 8|1|Elsmere|4079 Massa. Rd.|NV
Tamara Sparks|3997666725|137|6, 8|1|Corona|Ap #461-5797 Praesent St.|IL
Jaquelyn Burris|4301067793|138||2|Gloucester|P.O. Box 457, 2631 Nisl Ave|IN
Octavius Herring|8049116819|139||1|Pittsfield|Ap #924-1554 Et Avenue|AK
Sophia Horn|3992008928|140|7, 9, 10, 3, 5, 2, 6|3|Hermosa Beach|P.O. Box 937, 7540 Lacus. Rd.|DE
Macey Mcdonald|6558667685|141|8, 1, 4, 10, 3|1|Auburn Hills|P.O. Box 978, 5325 Arcu Ave|IA
Caldwell Todd|9748305081|142|1, 9, 4, 2, 6|2|Latrobe|Ap #888-8896 Lectus Road|WV
Allen Sparks|2721126217|143|9, 6, 4, 3, 7, 8, 1|1|Duarte|6924 In Rd.|KY
Tatiana Haley|7019122754|144|9, 3, 8|3|Elkhart|Ap #300-1805 Vel Rd.|AK
Ashton Hood|8157280034|145|10, 7, 3, 2|3|Coatesville|5291 Massa. Rd.|NM
Libby Pacheco|4389118212|146|10, 6, 5, 9, 3|1|Truth or Consequences|576-9266 Malesuada Road|WY
Kathleen Odom|9958077289|147||1|Logan|9363 A Rd.|MA
Imelda Washington|5381297926|148|5, 9, 6, 2, 4, 7, 1|1|Dover|Ap #622-4777 Ac Rd.|DC
Taylor Brooks|9291488304|149|8|3|Fall River|P.O. Box 368, 7930 Ac Street|FL
Natalie Fischer|7927315719|150|1, 9, 3, 8, 10, 4, 6|1|Woburn|P.O. Box 949, 3286 Magnis Rd.|FL
Ahmed Johns|4971285905|151|5, 4, 2, 7, 8, 10, 9|3|North Little Rock|Ap #584-7886 Orci Rd.|TN
Rhona Frost|6706082097|152|4, 10, 3, 2, 7, 8, 6|2|Gold Beach|1698 Augue Av.|NM
Gwendolyn Hill|2912510719|153|3, 6, 8, 7|1|Vallejo|6797 Commodo Avenue|CO
Juliet Joyner|8649891873|154|8, 4, 1, 7, 2, 9|3|Green Bay|631-2130 Lorem Rd.|MA
Nissim Torres|7337128001|155|4, 9, 8, 5, 6, 10, 1|2|Saint Albans|P.O. Box 889, 1831 Mauris Avenue|MO
Sydney Hawkins|6273401403|156|8, 2, 6|2|Norwich|Ap #724-5591 Velit Road|HI
Iona Mercer|2635036530|157|5, 9, 2, 6, 3, 8, 10|2|Azusa|5943 Accumsan Ave|IN
Brielle Pollard|6249742306|158|6, 7, 5|1|Marietta|313-5405 Convallis Avenue|NV
Melinda Flowers|8968610027|159|4, 1, 6|2|Tonawanda|P.O. Box 175, 810 Tristique Rd.|OR
Orli Ayers|2679390317|160|5, 10, 1, 2, 4, 8|3|Cody|203-5752 Ut Rd.|CA
Erin Bryant|6986376783|161|8, 3, 6, 5|1|Leominster|5379 Phasellus Ave|KY
Xander Morrow|1568196764|162||1|Beaver Falls|8835 Fusce Rd.|DE
Roary Buckner|8864773359|163|4, 8, 9, 1, 10, 5|2|Saratoga Springs|578-5283 Massa Rd.|NH
Fuller Orr|5139913263|164||3|Roswell|P.O. Box 124, 9625 Nec Road|RI
Emerald Humphrey|3483395669|165|6, 4, 3, 2|1|Mechanicville|Ap #524-5072 Adipiscing Rd.|MO
Reuben Wiggins|5277673242|166|1, 3, 2, 6, 10, 8|3|Troy|Ap #871-9778 Quisque Rd.|DE
Rae Bullock|5093666919|167|7, 3, 8, 5, 4, 2|3|Lexington|P.O. Box 859, 3045 Dolor Street|IN
Astra Hayes|5137893712|168|1, 10, 4, 8|2|El Monte|431-1173 Vel Av.|ND
Chaney Booth|7335138841|169|6, 5, 9|1|Everett|Ap #222-9549 Lorem Av.|LA
Brynn Howe|2486524476|170|1, 4, 5, 2, 3, 10, 8|2|Easton|5780 Curabitur St.|DC
Zahir Flores|7176728275|171|1, 8, 6, 9, 10, 2, 3|2|Tamuning|P.O. Box 768, 5359 Fermentum Avenue|ID
Kaseem Little|8624452737|172|7, 10, 6, 8|3|Rolla|9290 Sem. Ave|IN
Xenos Russo|6749184367|173||3|Evanston|P.O. Box 193, 7928 Luctus Av.|KS
Priscilla Burt|8557641009|174|3|3|Palm Springs|Ap #869-4350 Vulputate Rd.|AK
Cherokee Carson|8776327436|175|6, 1, 9, 10|1|Hermitage|P.O. Box 130, 3767 Nunc Avenue|CT
Kylie England|9205622159|176|9, 6, 10, 1, 3|2|Rock Springs|1962 Enim. Road|OR
Dominic Fisher|3253724039|177|9, 4, 8, 10, 6, 7, 5|1|El Paso|Ap #979-5127 Odio Street|KY
Rahim Moore|2924748788|178|7, 6, 2, 3, 8|3|Sunbury|578-6928 Mattis. St.|TN
Jarrod Jordan|6461119998|179|2, 7, 5, 1, 10|3|Biddeford|Ap #350-7798 Congue, St.|MA
Darrel Tran|4755874872|180|8, 9, 3|3|Alhambra|Ap #280-7330 Nunc Avenue|AL
Yardley Vasquez|4658522495|181|7, 9, 5, 2, 8, 3, 4|1|Fitchburg|4129 Molestie Street|WY
Grady Weeks|8764526865|182|3, 7|1|Guayama|Ap #850-6548 Nonummy Street|NJ
Adrian Love|6719235100|183|1, 7, 9, 4|3|Flagstaff|3272 In St.|UT
Anthony Stevenson|1662596006|184|5|2|Covington|454-3077 Donec Avenue|IN
Gloria Castillo|9972567573|185|4, 7, 8, 6, 2|3|Dixon|Ap #430-526 Vitae, Ave|WA
Hilary Boyle|2383850424|186||3|West Haven|Ap #299-6247 Cursus Rd.|NE
Alea Molina|6449200724|187|5, 6, 7, 3, 2, 1|2|Prescott|311-6588 Duis St.|UT
Mohammad King|4094303028|188|8, 3, 7, 5, 10, 9|2|Revere|P.O. Box 475, 3228 Eleifend Rd.|WV
Zephania House|5048442570|189|9, 5, 6|1|Fond du Lac|901-332 Sodales Ave|KS
Ainsley Richards|5024565036|190|10, 2, 8|3|Flint|Ap #403-5012 Sit Rd.|WY
Karen Reid|8692167294|191|9, 8, 7, 1, 6|3|Boulder|6852 Lacinia Street|PA
Althea Dyer|5985100920|192|5, 4|3|Burbank|270-329 Dolor Road|CT
Aquila Hammond|5929020050|193|8, 9, 7|3|Tuscaloosa|591-1115 Lobortis St.|MD
Carol Rivers|9109239280|194|8, 1, 5, 3, 9|2|Florence|Ap #260-6141 Mauris Rd.|WI
Rachel Ramsey|6976105395|195||1|Artesia|Ap #239-4129 Imperdiet Av.|NH
Chaney Garrett|5011215611|196|1, 7, 5, 6|2|Alameda|Ap #896-8491 Et Road|GA
Alfonso Le|2163388999|197|5, 10, 4, 7|3|Blythe|Ap #714-273 Fringilla St.|VA
Amery Holder|6108586476|198||2|Saint Paul|801-7612 Vivamus Ave|MD
Riley Schwartz|7986472958|199|8, 4, 2, 5, 1, 10, 9|3|High Point|2584 Lorem Rd.|ID
Imani Beard|1109747043|200|5, 3, 10, 6, 1, 7|2|Cedar Rapids|Ap #102-3891 Non St.|VT
Timon Carrillo|8278117215|1|9, 10, 5, 8|1|Thibodaux|P.O. Box 758, 6581 Egestas Rd.|ME
Kylynn Lewis|5724930256|2|4, 10, 6, 5, 9|1|Taunton|P.O. Box 984, 4809 Pellentesque Av.|MS
Alyssa Armstrong|2825765912|3|8, 1, 6, 7, 9|2|Moore|Ap #719-8697 Arcu Road|DC
Tiger Cobb|5749514426|4|7|2|Warner Robins|Ap #199-9142 Facilisis St.|RI
Ruth Whitney|9548052579|5|2, 5, 3, 7, 6|3|Springfield|934-8016 Eu Av.|IL
Macy Daugherty|3161213793|6|1, 2, 10|2|Minot|P.O. Box 755, 1512 Integer Road|IA
Quail Larson|4914137831|7|6, 2|1|Jersey City|440-6185 Ridiculus Rd.|RI
Hammett Fletcher|8343480311|8|1, 3, 7, 2, 9|2|Wausau|731-7042 Sed St.|FL
Austin Juarez|1393873184|9|2, 3, 1, 5, 6, 8|2|Brownsville|Ap #375-3514 Tellus Rd.|OR
Iliana Cross|5817690785|10|8, 1, 9, 4|2|Manassas|P.O. Box 253, 4098 In, St.|SC
Samantha Acevedo|2619200096|11|7, 10, 6, 1|2|Hartford|339-227 Vivamus Rd.|HI
Serena Daniel|1431740736|12|3, 5, 9|3|Lawndale|9605 Lobortis Street|KS
Sydnee Chandler|4967932915|13|1, 10, 5, 2|3|Concord|Ap #332-5828 Nec Rd.|SD
James Wood|7465307313|14|3, 10, 2, 7, 1, 9, 5|3|Palmdale|P.O. Box 650, 1601 Morbi Rd.|AL
Lunea Woodard|7063369782|15|3, 1, 4, 5, 7|1|Berkeley|369-9550 Velit. Av.|IL
Lacota Dominguez|1584943726|16|4, 7, 8|2|West Hartford|P.O. Box 344, 3421 Duis Road|MN
Teagan Pearson|6459403239|17|1, 9, 4, 8, 7|1|Rohnert Park|8080 Cras Rd.|UT
Harrison Robles|2027077301|18|5|3|Elsmere|1986 Dui Road|HI
Malachi Mcmillan|5767565205|19|4, 1, 5|1|Lake Forest|4126 Imperdiet Street|MS
Bertha Buchanan|7584340870|20|7, 4, 9|2|Warren|P.O. Box 873, 3522 Et Avenue|OK
Ivana Sargent|7071311281|21|7, 3, 8, 9|1|Lock Haven|Ap #499-4206 Hendrerit St.|MI
Skyler Dunlap|2892213494|22||2|Oshkosh|191-444 Metus. Rd.|TN
Tashya Branch|6708011516|23|7, 3, 4, 6|2|Waterloo|292-2588 Proin St.|FL
Callie Farley|4932953469|24||3|Santa Ana|P.O. Box 274, 3566 Tellus, St.|KS
Joy Mcknight|3495448908|25||1|Moorhead|Ap #537-5751 Ullamcorper, St.|AZ
Ashely Murray|7563901819|26|10, 5, 4, 1, 8, 2|1|New Castle|455-125 Curabitur Road|MD
Aspen Beck|5568479399|27|1|3|Cedar City|298-4117 Varius Road|VT
Jerome Walton|6064532821|28|9, 1, 5, 3, 10, 7, 6|2|Nanticoke|P.O. Box 324, 3214 Ac Avenue|WI
Reese Valenzuela|8852384216|29|6|1|Beaumont|P.O. Box 103, 3010 Erat Avenue|CT
Baker Bates|2953347564|30|6, 8, 10, 2, 3, 4|2|Atlantic City|P.O. Box 156, 8025 Dapibus Rd.|KS
Tallulah Hall|5898135799|31|2, 4, 3, 8|3|Agoura Hills|P.O. Box 655, 514 Eget Street|NE
Vance Tyler|4783827627|32|6|3|Decatur|689-990 Fusce St.|WI
Akeem Stephens|1773690228|33|9, 6, 10|1|Santa Fe Springs|P.O. Box 491, 2428 Venenatis St.|GA
Declan Best|1084674903|34|8, 3, 2|3|Chicopee|960-3766 Ridiculus St.|NJ
Madonna Nielsen|2645329322|35|9, 4, 8, 1, 6, 3|1|West Valley City|788-6639 Risus, Street|WI
Eden Miranda|9904233666|36|1, 6, 2|3|Lakeland|3619 Eu St.|TX
Brody Carlson|4005438795|37|9, 5, 1|2|Boulder City|283-5397 Auctor St.|DC
Melyssa Foreman|4639178863|38|6, 4|3|West Sacramento|764-4908 Placerat. Avenue|MA
Calvin Pennington|2802989853|39||3|Bowie|729-3453 Ut, Av.|RI
Jolie Keith|6357247091|40|9|2|Enfield|Ap #536-6929 Adipiscing Road|MD
Chandler Tanner|5543780882|41||3|Jamestown|P.O. Box 707, 9423 Nulla Street|MN
Brennan Gonzales|2685475257|42|4, 2|1|Easthampton|433-2055 Vivamus Street|PA
Ferris Buckley|2996361628|43||3|Glendora|Ap #271-3727 Ipsum St.|MD
Murphy Lawrence|3648010638|44|4, 7, 3, 1, 6|1|Catskill|9456 Eget Street|NM
Blossom Flowers|7492293366|45|8|1|Morgan City|1399 Semper Avenue|VA
Francis Atkins|7047276502|46|9|2|Kennesaw|624-9676 Tempus Av.|KS
Emerson Gomez|7374540152|47|10, 1|2|Hermitage|7972 Elit. Street|HI
Ruby Lane|5583047052|48|8, 3|1|Warren|P.O. Box 856, 3329 Sapien. Rd.|MA
Cain Vincent|4777724786|49||2|Paramount|3613 At, St.|LA
Ferdinand King|2721492870|50|4, 7, 5, 3|1|Sierra Madre|6297 Ipsum. Rd.|AL
Tiger Gamble|7109158336|51|1, 10, 5|2|Areceibo|Ap #531-7914 At St.|OH
Nell Allison|4804962398|52|5, 4, 2, 8, 7, 10|2|Hidden Hills|P.O. Box 456, 5461 Risus. Ave|PA
Dante Richard|5088041349|53||3|Hopkinsville|366-2304 Sit Ave|HI
Jana Wood|9587538878|54|8, 7, 6, 3, 4, 5, 2|2|Bristol|Ap #973-4146 Vel St.|SC
Steel Robertson|3361999777|55|2, 6, 9, 5, 3|1|Garden Grove|161 Semper Street|OH
Griffin Marquez|5691680567|56|9, 2|1|Delta Junction|Ap #151-1061 Purus St.|GA
Jane Richard|3073753311|57|4, 3, 8, 7|2|Macomb|P.O. Box 463, 5484 Velit. Rd.|HI
Adam Abbott|4077830141|58|2, 3, 10, 9, 7, 6|1|Rye|7997 Turpis. Ave|IL
Whilemina Edwards|1337010135|59|4, 3|2|Gloucester|P.O. Box 868, 7007 Mollis. Avenue|IA
Mary May|9997017142|60|9, 7, 10|1|Jackson|732-7462 Et St.|RI
Hedley Grant|5322449582|61|3, 8, 6, 2, 7, 9, 10|2|Moscow|P.O. Box 374, 2386 Tellus Rd.|TX
Madonna Cotton|4046495987|62|5, 9, 4, 1, 2, 6, 7|3|Plymouth|9490 Natoque St.|MD
Shafira Baker|8203842430|63|10|3|Dubuque|684-5564 Tincidunt Rd.|SD
Helen Small|1684536977|64|9|2|Concord|Ap #148-6795 Justo St.|MI
Athena Finley|4718254222|65|6, 9, 4|3|South Gate|218-7839 Mollis. St.|VT
Shoshana Clements|8537882114|66|9, 8, 1, 5|3|West Lafayette|475-5901 Adipiscing. Av.|IA
Isaac Juarez|7085976081|67|4, 5, 6, 9, 7|3|Haverhill|4690 Et Rd.|HI
Gail Nolan|6074561269|68|9, 8|2|Lower Burrell|P.O. Box 157, 1184 Vehicula. Rd.|ME
Ishmael Benton|7572032202|69|9, 1, 8, 5|1|Bakersfield|P.O. Box 541, 7611 Massa. Rd.|NJ
Clarke Nichols|4745888080|70|7, 6, 3, 1, 8|1|Spokane Valley|P.O. Box 807, 4873 Sit Ave|NC
Myra Gay|8474252342|71||1|Nevada City|Ap #210-5316 Quisque St.|KY
Colette Noble|4647809142|72|7|3|Fargo|3152 Sem. Ave|IL
Sophia Jacobs|9214094018|73|3, 9|2|Westfield|Ap #190-1060 Integer Av.|WV
Wyoming Herring|4258242260|74|4, 2, 1, 3|1|Baton Rouge|263 Risus. St.|CT
Idona Boyer|2736551877|75|3, 2, 5, 8, 6, 10, 1|3|Kahului|585-7223 Laoreet, Ave|NJ
Burton Oliver|4999551338|76|2, 10|2|Powell|P.O. Box 778, 9199 Sed St.|RI
Anthony Hyde|4944594832|77|4|3|Union City|P.O. Box 366, 9752 Eleifend St.|UT
Alisa Glover|6089574417|78|7, 8, 2, 10|3|Marietta|Ap #829-9525 Nisi. Avenue|MT
Zachary Solis|7067541958|79|1, 10, 9, 2|1|Warwick|Ap #296-2458 Sollicitudin Street|CA
Craig Warner|1267808767|80|2, 8|1|Corpus Christi|347 Elit Rd.|RI
Garth Aguirre|8324104080|81|5, 10, 9, 1, 4, 8|2|Bismarck|Ap #909-4781 Non Rd.|MA
Ross Hinton|6269374455|82|1|1|Odessa|642-2410 Lacinia Ave|OK
Amity Cain|9278653008|83|9|1|New Kensington|7008 Vivamus Avenue|DC
Anne Cunningham|7945810111|84||3|Boulder|P.O. Box 639, 5259 Lobortis Av.|FL
Laurel Henson|9585495616|85|1, 9, 6, 2, 8|1|North Platte|Ap #831-4104 Facilisi. Av.|UT
Yuri Farrell|9515910537|86|4|1|Baton Rouge|Ap #573-4646 Arcu St.|NJ
Isabella Strickland|5901920557|87|8, 5, 4, 7, 2|2|Glendale|P.O. Box 973, 8699 Adipiscing Road|ND
Ezekiel Macdonald|1261280738|88|1, 2, 3|1|Edina|186-5030 Sit Rd.|AL
Roary Macdonald|6117397025|89|6, 10, 8, 7|2|Crown Point|Ap #218-7898 Eu Street|NE
Libby Bowman|4722029144|90|10, 1, 3, 5, 2|1|Baltimore|Ap #356-1369 Non Road|CT
Oliver Cummings|4446464619|91|1, 10|3|New York|P.O. Box 141, 3837 Semper Street|KY
Bethany Lyons|5501965684|92|5, 7, 8, 9, 10, 1, 6|2|Downey|178-1919 A, Av.|SC
Edward Gilliam|7837803487|93|9, 5|1|Anderson|622-1350 Dui Avenue|IL
Howard Mcleod|4292094472|94|1, 5, 6, 2, 8, 9|2|Healdsburg|9604 Dignissim. Rd.|NY
Nigel Beasley|7127336874|95||1|Diamond Bar|Ap #709-4698 Eleifend Rd.|ME
Cassandra Houston|5372608482|96|5, 3, 10, 7|2|Roswell|Ap #187-5100 Elit, St.|VA
Mira Graham|4906614097|97|8, 1, 3, 7|2|Nashua|P.O. Box 967, 151 Eros. Rd.|AK
Molly Hardy|3649263351|98|1, 7, 5, 2, 3, 8, 4|3|Gallup|806-3345 Mi Street|MS
Addison Spence|9638992253|99|6, 1|1|Springfield|989-7533 In Road|RI
Prescott Moran|5494395649|100|3, 6, 4, 1, 2, 5, 9|1|Baton Rouge|867-4314 In, Ave|CT
Charity Robbins|1674969619|101|6, 5, 10, 9|2|Plainfield|P.O. Box 201, 5226 Aptent St.|GA
Nicholas Winters|6371340969|102|2, 9, 3, 5|2|Lafayette|Ap #591-9612 Orci, Road|OR
Melodie Pena|7948288257|103|10, 2, 7, 5, 6, 9, 1|1|Rye|868-7145 Pede, Ave|AZ
Halla Reese|7326603951|104|10, 8, 2, 4, 3, 1|1|Chickasha|526-6064 Erat, Avenue|MO
Yetta Edwards|3348952913|105|4, 10, 2, 3, 8, 6|3|Maywood|P.O. Box 414, 3658 Suspendisse Ave|MT
Galena Robbins|1628680694|106|6, 10, 4|2|Delta Junction|P.O. Box 371, 6116 Diam Street|PA
Walker Le|2671251955|107|10, 7|2|Bridgeport|380-4685 Nec Av.|CA
Holly Mendez|6036397253|108|8, 10, 1, 7|2|Jamestown|309 Neque. Street|OH
Jada Bryant|5018748564|109|5, 4, 8, 7, 3, 10, 9|1|Jamestown|Ap #152-9276 Auctor Avenue|LA
Hannah Jennings|4463101675|110|7, 1, 4, 5|2|Temple City|Ap #516-3305 Justo Road|VA
Nichole Harding|7191301086|111|1, 6, 7, 4|2|Nashua|P.O. Box 558, 911 Et Ave|AK
Ray Howell|6947258234|112|8, 7, 1, 9, 6, 4|3|Tulsa|P.O. Box 889, 7770 Vitae, Ave|CT
Kyle Mathis|4401758083|113|3, 8, 5, 9, 4, 2, 6|1|Laredo|Ap #375-7047 Vestibulum, Avenue|NC
Destiny Decker|5726574568|114|7, 1, 6|3|Sunnyvale|141-6045 Scelerisque Avenue|AK
Sloane Foster|6652136604|115|7|3|Berkeley|114-4010 Ut Av.|NV
Denise Stanton|7849075780|116|4, 2, 9, 8, 3, 7|2|Caguas|Ap #709-7524 Nec Road|FL
Adara Baxter|5845920600|117|2, 4, 5, 8|2|Bakersfield|Ap #588-6760 Eros. Avenue|TX
Mona Tran|9534463163|118|7, 9, 1, 10, 8|1|Fairbanks|8294 Orci St.|SC
Chaney Jackson|7001457863|119|9|2|Beloit|P.O. Box 438, 7394 Laoreet Avenue|WI
Ulric Hopper|8949406260|120|2, 4, 3|3|Vincennes|P.O. Box 904, 4434 Penatibus Ave|CA
Gisela Lindsey|9309706066|121|10, 2, 1|2|Cambridge|P.O. Box 949, 7276 Augue Street|KY
Autumn Stokes|9489295262|122|8, 5, 1, 10, 4|1|Eatontown|Ap #267-3166 Consequat Rd.|TX
Hayfa Petty|2861056318|123||2|Pocatello|P.O. Box 601, 2908 Nisi. Avenue|AK
Minerva Robles|9541596814|124|3, 4, 10, 5, 1, 9, 7|2|Hawthorne|Ap #284-6997 Parturient Road|NC
Hadassah Holder|9889476380|125|1, 10|3|Decatur|7526 Praesent Road|AK
Nora Hendricks|9627575104|126|4, 1|1|Revere|P.O. Box 369, 5816 Tellus. Av.|CT
Elmo Leon|6984459653|127|1, 7, 8, 6, 10, 4, 5|1|Butte|P.O. Box 637, 6808 Justo St.|KS
Xena Sparks|1864313076|128|7, 5, 10, 8, 4, 3, 2|2|West Palm Beach|P.O. Box 426, 2474 Sed Rd.|MO
Cody Griffith|7002425591|129|9, 3, 8|2|Grass Valley|Ap #824-2293 Donec Avenue|AK
Indigo Harding|3545069561|130|2, 9, 1, 8, 4, 6, 7|2|Moraga|P.O. Box 703, 5588 Et, Street|CT
Zachery Koch|5599559021|131||3|Boulder|P.O. Box 324, 5797 Non, St.|KS
Kylie Shaw|9079638659|132|8, 6, 10, 9, 7|2|Forest Lake|Ap #134-581 Et Rd.|TN
Luke Newman|4643271931|133|1, 4, 10, 3|1|Roanoke|401-5749 Lectus Rd.|CA
Chaney Quinn|3816197138|134|2, 3, 4, 1, 6|1|Tulsa|P.O. Box 960, 3490 Erat, Ave|ID
Kay Woods|1316513652|135|6, 5, 2|2|Jenks|Ap #654-4537 Ante St.|TN
Xerxes Saunders|4391913666|136||1|Niagara Falls|P.O. Box 949, 7793 Dis Street|AZ
Perry Stein|7188091668|137|4, 10, 7, 1, 9|2|Newton|1661 Facilisi. Av.|NH
Joy Garner|7246056212|138||2|Toledo|Ap #541-9245 Pede. Ave|IN
Igor Mckinney|2608754076|139|10|1|Yazoo City|Ap #562-9498 Rutrum St.|WI
Hadley Marshall|1068813889|140||2|Duquesne|6887 A, Rd.|MS
Lester Shields|5691572861|141|9, 5, 2, 4, 8, 10|3|Tok|932-8236 Velit St.|VT
Hyacinth Pittman|3064635407|142|5, 2|2|Shawnee|P.O. Box 830, 4627 Eget Rd.|CT
Stephen Solomon|9943588086|143|3, 8, 5|1|Fairfax|Ap #827-3919 Accumsan Avenue|NC
Dennis Lancaster|4206884871|144|5, 6|2|Grand Island|5112 Nunc Rd.|WI
Wanda Daniels|1341929416|145|7, 1, 3, 8|1|Middlebury|P.O. Box 554, 3174 Mauris Av.|CO
Denise Gallagher|1572400917|146|9, 5, 8|3|San Luis Obispo|6968 Phasellus Ave|AZ
Omar Francis|4882931022|147|10, 3, 4, 1, 9, 2|2|Baytown|8221 Lectus Ave|MI
Shellie Christensen|2291393496|148|7, 9, 4, 10, 5|1|New York|940-9013 Sagittis St.|SD
Phoebe Woods|9999283789|149|7, 5, 2|1|Ann Arbor|253-496 Amet St.|GA
Regina Cooley|9718001781|150|6, 7|1|Cranston|Ap #948-2681 Luctus St.|SD
Anika Anderson|8816828619|151|7, 1, 6, 8, 9, 2, 10|3|Nashua|P.O. Box 104, 2405 Habitant Avenue|AK
Eleanor Barnett|7124941651|152|3, 9, 10, 2|1|Shawnee|P.O. Box 992, 3370 Sit St.|AK
Macaulay Brennan|6739671332|153|10, 8, 3, 6, 2, 5|2|Saipan|2974 Justo Ave|AK
Charissa Morin|9733700834|154||3|Wichita|Ap #353-2706 Fusce Avenue|OH
Ivor Gibbs|2274974718|155|2, 1, 5, 8, 6, 10|2|West Allis|Ap #143-5950 Metus Street|IA
Alvin Morin|3237102921|156|1, 4, 5, 9, 2, 3|3|Hartford|3900 Tristique Street|SD
Len Small|9913633925|157||2|Jeffersontown|Ap #186-2602 A, Av.|MN
Selma Fuller|3746479395|158|8, 4|1|Orangeburg|543-3245 Velit. St.|RI
Candace Brennan|2958328624|159||3|Raleigh|P.O. Box 985, 1906 Est Av.|TN
Gareth Velasquez|1249577291|160|8, 4|2|Villa Park|9004 Tortor Road|NJ
Quinn Walls|7812779508|161|7, 10, 3, 5, 8|2|Lubbock|2396 Risus Rd.|MD
Allegra Chavez|5706984834|162|6, 2, 3, 5, 9|2|Greenfield|4219 Hendrerit Ave|WY
Vladimir Bailey|4475072555|163|9, 10, 3, 8, 2, 5, 1|1|Hartford|P.O. Box 403, 9680 Aenean Rd.|CT
Todd Cash|1395367823|164|3, 1, 2, 8, 7, 4|3|Stanton|9434 Sit Road|KY
Keith Eaton|3552999781|165||2|Ames|929-219 Ac St.|PA
Kevin Alvarez|3055054746|166|6, 1, 3, 8, 10, 5|1|Agat|320-3888 Sed Road|DC
Uta Christian|6072035872|167|10, 5, 2, 1, 8|2|Hastings|7376 Tempor, Avenue|IN
Alden Cummings|1628732329|168|4, 5, 6, 1|1|Altoona|740 Molestie Av.|MT
acqueline Lloyd|4116999131|169|7|2|Suffolk|Ap #708-8544 Erat Av.|DC
Shelby Patrick|3989989111|170|2, 4|1|Butler|7099 Ut Avenue|PA
Leslie Mendez|6955853764|171|7, 6, 1, 4, 9, 3, 8|1|Douglas|P.O. Box 979, 7728 Lobortis St.|VA
Grant Lee|6211164929|172|9, 2, 7, 1, 5, 6|1|Danbury|166-592 Amet Street|IN
Howard Ryan|6697851780|173|8, 7, 10, 3|3|Lafayette|4497 Vivamus St.|DC
Iris Mccullough|9028603871|174|5, 6, 1, 9, 8, 10|2|Cape Coral|174-4023 Lorem, Avenue|MI
Scarlett Austin|2829533314|175|1|2|Saipan|P.O. Box 183, 6989 Nec Street|MS
Kellie Kent|4374916231|176|4, 6, 7|2|Oak Ridge|Ap #780-4028 Lorem Ave|DC
Vanna Mueller|5348254486|177|3, 6, 2, 10, 4, 9, 1|2|Downey|8304 Neque. St.|NV
Stephen Kemp|7382107556|178|10|2|Valdosta|P.O. Box 254, 3929 At, Rd.|NC
Denton Cardenas|9592699245|179|1, 4, 5|3|Plano|131 Lorem Road|SC
Denise Bass|6265435359|180|10, 3, 5, 4, 6, 8, 2|2|Jefferson City|4911 Rhoncus. Street|HI
Ursula Kelley|6573016542|181|10, 9, 1, 7|2|Port St. Lucie|5463 Vel St.|NY
Candace Matthews|7804115760|182|6, 3, 1, 8, 4, 7, 9|2|Palmdale|6912 Suspendisse Road|VA
Sopoline Berg|1582992579|183|10, 2, 8, 3|2|Rohnert Park|P.O. Box 549, 206 Tempus, Street|AK
Summer Bridges|1492394873|184|5, 3, 6|2|Alhambra|P.O. Box 480, 6745 Mattis Rd.|DC
Kimberley Ewing|4926320293|185|5, 9, 1, 8, 10|2|Cape Coral|152-9225 Dolor Street|MI
Jemima Phillips|9495725918|186|9, 4, 10, 1, 2|3|Pendleton|7147 Neque St.|WY
Cathleen Hughes|2082563065|187|7, 8, 9, 3, 5, 6, 2|2|Anaheim|P.O. Box 234, 9009 Ut, St.|AK
Athena Leach|7148701877|188|6, 8, 9, 4, 1|2|Whittier|P.O. Box 988, 4735 Iaculis, Rd.|CT
Kermit Moses|3601412290|189|6, 9, 5, 10, 8, 4, 3|2|Joplin|821-6555 At St.|NM
Cheyenne Edwards|6837259440|190|4, 10, 3|3|Crown Point|Ap #548-5846 Est. Avenue|IA
Rachel Mayer|5692941481|191|8, 3, 1, 5, 6, 7|1|Duarte|4264 Tincidunt, St.|NY
Dora Herring|8707801040|192|8|1|Chester|P.O. Box 679, 6394 Euismod St.|TX
Tiger Everett|7635536576|193|9, 2, 5, 7, 3, 4|1|Sharon|P.O. Box 294, 243 Donec Road|VA
Uriah Cline|8553188665|194|1, 7, 3, 6|2|Opelousas|Ap #582-9838 Adipiscing Avenue|NM
Thomas Rose|5437526281|195|5, 9, 4, 8, 1, 6|1|Harrisburg|P.O. Box 767, 1649 Ut, St.|OH
Aretha Justice|8586102384|196|8|2|Brockton|P.O. Box 457, 8540 Etiam Ave|UT
Tucker Grimes|6413515900|197||1|Bell|654-7021 Nec Av.|DE
Lynn Klein|1063688598|198|8, 4, 9, 5, 10|2|Gainesville|Ap #792-1921 Turpis Rd.|OK
Rhea Davenport|2895474072|199|2, 7, 6, 5, 10, 9|1|Delta Junction|2705 Lectus Ave|WA
Indira Potts|7656104511|200|8, 6, 1, 2, 5, 9, 7|3|Laramie|P.O. Box 879, 4945 Dapibus Street|DC